kind,index,major_r_m,z_m,psi_norm,description
lcfs,1,1.1947883730093203,-0.01385131578947374,1.0,exported separatrix contour
lcfs,2,1.1966872542414007,-0.041553947368420996,1.0,exported separatrix contour
lcfs,3,1.2005885610330553,-0.06925657894736825,1.0,exported separatrix contour
lcfs,4,1.2057394366197185,-0.09328911932395928,1.0,exported separatrix contour
lcfs,5,1.2064199019374842,-0.09695921052631573,1.0,exported separatrix contour
lcfs,6,1.213314471334804,-0.12466184210526321,1.0,exported separatrix contour
lcfs,7,1.2220944142734376,-0.15236447368421047,1.0,exported separatrix contour
lcfs,8,1.2283450704225354,-0.16860291702473343,1.0,exported separatrix contour
lcfs,9,1.232277430539769,-0.18006710526315772,1.0,exported separatrix contour
lcfs,10,1.2434975181393968,-0.2077697368421052,1.0,exported separatrix contour
lcfs,11,1.2509507042253523,-0.22362806280254544,1.0,exported separatrix contour
lcfs,12,1.256023777704966,-0.23547236842105268,1.0,exported separatrix contour
lcfs,13,1.269574771866563,-0.26317499999999994,1.0,exported separatrix contour
lcfs,14,1.2735563380281691,-0.2704498994503223,1.0,exported separatrix contour
lcfs,15,1.2839579310487823,-0.2908776315789472,1.0,exported separatrix contour
lcfs,16,1.296161971830986,-0.31226846331016805,1.0,exported separatrix contour
lcfs,17,1.2995599686962902,-0.31858026315789467,1.0,exported separatrix contour
lcfs,18,1.3159698831102524,-0.34628289473684204,1.0,exported separatrix contour
lcfs,19,1.318767605633803,-0.3506356136194724,1.0,exported separatrix contour
lcfs,20,1.3331739839829426,-0.3739855263157894,1.0,exported separatrix contour
lcfs,21,1.3413732394366198,-0.3862199663187312,1.0,exported separatrix contour
lcfs,22,1.3514461242807427,-0.4016881578947368,1.0,exported separatrix contour
lcfs,23,1.3639788732394367,-0.41956653399070276,1.0,exported separatrix contour
lcfs,24,1.3707455790684815,-0.42939078947368414,1.0,exported separatrix contour
lcfs,25,1.3865845070422536,-0.45093677258706444,1.0,exported separatrix contour
lcfs,26,1.3910788625782093,-0.4570934210526315,1.0,exported separatrix contour
lcfs,27,1.4091901408450704,-0.48053450445187057,1.0,exported separatrix contour
lcfs,28,1.4124934970886418,-0.4847960526315789,1.0,exported separatrix contour
lcfs,29,1.4317957746478873,-0.5085187451989946,1.0,exported separatrix contour
lcfs,30,1.435077451735454,-0.5124986842105262,1.0,exported separatrix contour
lcfs,31,1.4544014084507042,-0.5350099765220807,1.0,exported separatrix contour
lcfs,32,1.4589623735515138,-0.5402013157894736,1.0,exported separatrix contour
lcfs,33,1.477007042253521,-0.5600936926417238,1.0,exported separatrix contour
lcfs,34,1.484330191424905,-0.567903947368421,1.0,exported separatrix contour
lcfs,35,1.499612676056338,-0.5838222409623106,1.0,exported separatrix contour
lcfs,36,1.5114231547124397,-0.5956065789473683,1.0,exported separatrix contour
lcfs,37,1.522218309859155,-0.6062153640231519,1.0,exported separatrix contour
lcfs,38,1.5405574514894553,-0.6233092105263157,1.0,exported separatrix contour
lcfs,39,1.544823943661972,-0.6272596879405413,1.0,exported separatrix contour
lcfs,40,1.5674295774647888,-0.6471674697607351,1.0,exported separatrix contour
lcfs,41,1.5720528429497609,-0.6510118421052631,1.0,exported separatrix contour
lcfs,42,1.5900352112676057,-0.6660217702838028,1.0,exported separatrix contour
lcfs,43,1.606508586433276,-0.6787144736842105,1.0,exported separatrix contour
lcfs,44,1.6126408450704226,-0.6835003226076163,1.0,exported separatrix contour
lcfs,45,1.6352464788732395,-0.6999949119018283,1.0,exported separatrix contour
lcfs,46,1.6448019741500481,-0.7064171052631578,1.0,exported separatrix contour
lcfs,47,1.6578521126760564,-0.7154040712345636,1.0,exported separatrix contour
lcfs,48,1.6804577464788732,-0.7295992973778143,1.0,exported separatrix contour
lcfs,49,1.6883056700327415,-0.7341197368421052,1.0,exported separatrix contour
lcfs,50,1.7030633802816904,-0.7429362835506796,1.0,exported separatrix contour
lcfs,51,1.7256690140845072,-0.755110133868079,1.0,exported separatrix contour
lcfs,52,1.7395572638686738,-0.7618223684210526,1.0,exported separatrix contour
lcfs,53,1.7482746478873241,-0.7662481650091129,1.0,exported separatrix contour
lcfs,54,1.770880281690141,-0.776616554110483,1.0,exported separatrix contour
lcfs,55,1.7934859154929579,-0.7856829551463119,1.0,exported separatrix contour
lcfs,56,1.8043250554883197,-0.7895249999999999,1.0,exported separatrix contour
lcfs,57,1.8160915492957748,-0.7939806576098046,1.0,exported separatrix contour
lcfs,58,1.8386971830985916,-0.8014730359681991,1.0,exported separatrix contour
lcfs,59,1.8613028169014085,-0.8078444412108677,1.0,exported separatrix contour
lcfs,60,1.8839084507042254,-0.813169131690969,1.0,exported separatrix contour
lcfs,61,1.9050220030206841,-0.8172276315789473,1.0,exported separatrix contour
lcfs,62,1.9065140845070423,-0.8175409029011438,1.0,exported separatrix contour
lcfs,63,1.9291197183098592,-0.8213294951161595,1.0,exported separatrix contour
lcfs,64,1.951725352112676,-0.8241167763623424,1.0,exported separatrix contour
lcfs,65,1.974330985915493,-0.8259244215921597,1.0,exported separatrix contour
lcfs,66,1.9969366197183098,-0.8267592271531173,1.0,exported separatrix contour
lcfs,67,2.0195422535211267,-0.826611176937131,1.0,exported separatrix contour
lcfs,68,2.0421478873239436,-0.8254639848330165,1.0,exported separatrix contour
lcfs,69,2.064753521126761,-0.8232741082897278,1.0,exported separatrix contour
lcfs,70,2.087359154929578,-0.8199928950125748,1.0,exported separatrix contour
lcfs,71,2.1015512707642294,-0.8172276315789473,1.0,exported separatrix contour
lcfs,72,2.1099647887323947,-0.8157150203519715,1.0,exported separatrix contour
lcfs,73,2.1325704225352116,-0.8105693357799295,1.0,exported separatrix contour
lcfs,74,2.1551760563380284,-0.8041547511432162,1.0,exported separatrix contour
lcfs,75,2.1777816901408453,-0.79631139705407,1.0,exported separatrix contour
lcfs,76,2.194177050749168,-0.7895249999999999,1.0,exported separatrix contour
lcfs,77,2.200387323943662,-0.7870856393914534,1.0,exported separatrix contour
lcfs,78,2.222992957746479,-0.7767662858635855,1.0,exported separatrix contour
lcfs,79,2.245598591549296,-0.7644053279376044,1.0,exported separatrix contour
lcfs,80,2.2497547775203848,-0.7618223684210526,1.0,exported separatrix contour
lcfs,81,2.268204225352113,-0.7506697152028784,1.0,exported separatrix contour
lcfs,82,2.2908098591549297,-0.7344306350675189,1.0,exported separatrix contour
lcfs,83,2.2911965993206387,-0.7341197368421052,1.0,exported separatrix contour
lcfs,84,2.3134154929577466,-0.7163941623161185,1.0,exported separatrix contour
lcfs,85,2.3241742923468247,-0.7064171052631578,1.0,exported separatrix contour
lcfs,86,2.3360211267605635,-0.6953646386878976,1.0,exported separatrix contour
lcfs,87,2.351566063124985,-0.6787144736842105,1.0,exported separatrix contour
lcfs,88,2.3586267605633804,-0.6709937674020449,1.0,exported separatrix contour
lcfs,89,2.3747227199777874,-0.6510118421052631,1.0,exported separatrix contour
lcfs,90,2.3812323943661973,-0.6426288221046207,1.0,exported separatrix contour
lcfs,91,2.394582191276479,-0.6233092105263157,1.0,exported separatrix contour
lcfs,92,2.403838028169014,-0.6091657360117637,1.0,exported separatrix contour
lcfs,93,2.411807898749424,-0.5956065789473683,1.0,exported separatrix contour
lcfs,94,2.426443661971831,-0.5687836873094881,1.0,exported separatrix contour
lcfs,95,2.4268784573730997,-0.567903947368421,1.0,exported separatrix contour
lcfs,96,2.4400922352917984,-0.5402013157894736,1.0,exported separatrix contour
lcfs,97,2.449049295774648,-0.5194328023301776,1.0,exported separatrix contour
lcfs,98,2.451793125670033,-0.5124986842105262,1.0,exported separatrix contour
lcfs,99,2.4621573069979,-0.4847960526315789,1.0,exported separatrix contour
lcfs,100,2.471385374444024,-0.4570934210526315,1.0,exported separatrix contour
lcfs,101,2.471654929577465,-0.4562429672099739,1.0,exported separatrix contour
lcfs,102,2.4795970528581197,-0.42939078947368414,1.0,exported separatrix contour
lcfs,103,2.486923807833441,-0.4016881578947368,1.0,exported separatrix contour
lcfs,104,2.493451822633679,-0.3739855263157894,1.0,exported separatrix contour
lcfs,105,2.4942605633802817,-0.3703070837650352,1.0,exported separatrix contour
lcfs,106,2.4992676633164748,-0.34628289473684204,1.0,exported separatrix contour
lcfs,107,2.504436369982195,-0.31858026315789467,1.0,exported separatrix contour
lcfs,108,2.5090100665799535,-0.2908776315789472,1.0,exported separatrix contour
lcfs,109,2.5130355782881066,-0.26317499999999994,1.0,exported separatrix contour
lcfs,110,2.516554181491707,-0.23547236842105268,1.0,exported separatrix contour
lcfs,111,2.5168661971830986,-0.23272254898439906,1.0,exported separatrix contour
lcfs,112,2.519616060700159,-0.2077697368421052,1.0,exported separatrix contour
lcfs,113,2.5222390763374136,-0.18006710526315772,1.0,exported separatrix contour
lcfs,114,2.5244449752163174,-0.15236447368421047,1.0,exported separatrix contour
lcfs,115,2.5262544516526044,-0.12466184210526321,1.0,exported separatrix contour
lcfs,116,2.5276859497597295,-0.09695921052631573,1.0,exported separatrix contour
lcfs,117,2.528755061091405,-0.06925657894736825,1.0,exported separatrix contour
lcfs,118,2.529473924898894,-0.041553947368420996,1.0,exported separatrix contour
lcfs,119,2.529850860283084,-0.01385131578947374,1.0,exported separatrix contour
lcfs,120,2.5298901912247103,0.01385131578947374,1.0,exported separatrix contour
lcfs,121,2.52959218604328,0.04155394736842122,1.0,exported separatrix contour
lcfs,122,2.528953065614819,0.06925657894736847,1.0,exported separatrix contour
lcfs,123,2.527965080298498,0.09695921052631573,1.0,exported separatrix contour
lcfs,124,2.526616700458113,0.12466184210526321,1.0,exported separatrix contour
lcfs,125,2.524892996200613,0.1523644736842107,1.0,exported separatrix contour
lcfs,126,2.522776240081849,0.18006710526315794,1.0,exported separatrix contour
lcfs,127,2.5202465003544616,0.2077697368421052,1.0,exported separatrix contour
lcfs,128,2.5172813923229964,0.23547236842105268,1.0,exported separatrix contour
lcfs,129,2.5168661971830986,0.23893928205360998,1.0,exported separatrix contour
lcfs,130,2.51386564651214,0.26317500000000016,1.0,exported separatrix contour
lcfs,131,2.5099521166735563,0.2908776315789474,1.0,exported separatrix contour
lcfs,132,2.505498725132588,0.31858026315789467,1.0,exported separatrix contour
lcfs,133,2.500459955985707,0.34628289473684215,1.0,exported separatrix contour
lcfs,134,2.494784209067811,0.37398552631578963,1.0,exported separatrix contour
lcfs,135,2.4942605633802817,0.3763858252834252,1.0,exported separatrix contour
lcfs,136,2.4884126102446382,0.4016881578947369,1.0,exported separatrix contour
lcfs,137,2.481258669117895,0.42939078947368414,1.0,exported separatrix contour
lcfs,138,2.473238604296453,0.4570934210526316,1.0,exported separatrix contour
lcfs,139,2.471654929577465,0.46226623606661604,1.0,exported separatrix contour
lcfs,140,2.4642312684774166,0.4847960526315791,1.0,exported separatrix contour
lcfs,141,2.454111509238665,0.5124986842105264,1.0,exported separatrix contour
lcfs,142,2.449049295774648,0.5253775224602346,1.0,exported separatrix contour
lcfs,143,2.4427040732405345,0.5402013157894736,1.0,exported separatrix contour
lcfs,144,2.4298129113311835,0.5679039473684211,1.0,exported separatrix contour
lcfs,145,2.426443661971831,0.5747621201073537,1.0,exported separatrix contour
lcfs,146,2.415147300355938,0.5956065789473686,1.0,exported separatrix contour
lcfs,147,2.403838028169014,0.614961738810846,1.0,exported separatrix contour
lcfs,148,2.3984117400276834,0.6233092105263158,1.0,exported separatrix contour
lcfs,149,2.3812323943661973,0.6483178150742892,1.0,exported separatrix contour
lcfs,150,2.3791541102551355,0.6510118421052631,1.0,exported separatrix contour
lcfs,151,2.3586267605633804,0.676643953220118,1.0,exported separatrix contour
lcfs,152,2.356745337363029,0.6787144736842106,1.0,exported separatrix contour
lcfs,153,2.3360211267605635,0.701039495527352,1.0,exported separatrix contour
lcfs,154,2.3302924974108916,0.706417105263158,1.0,exported separatrix contour
lcfs,155,2.3134154929577466,0.7221547357959788,1.0,exported separatrix contour
lcfs,156,2.2985047016010536,0.7341197368421055,1.0,exported separatrix contour
lcfs,157,2.2908098591549297,0.7403381374618302,1.0,exported separatrix contour
lcfs,158,2.268204225352113,0.7562487494416025,1.0,exported separatrix contour
lcfs,159,2.259025595543647,0.7618223684210526,1.0,exported separatrix contour
lcfs,160,2.245598591549296,0.7702005213700321,1.0,exported separatrix contour
lcfs,161,2.222992957746479,0.7822746883064674,1.0,exported separatrix contour
lcfs,162,2.2069426849775517,0.789525,1.0,exported separatrix contour
lcfs,163,2.200387323943662,0.7926249827862034,1.0,exported separatrix contour
lcfs,164,2.1777816901408453,0.8018455238112515,1.0,exported separatrix contour
lcfs,165,2.1551760563380284,0.8094561767659075,1.0,exported separatrix contour
lcfs,166,2.1325704225352116,0.815658805945037,1.0,exported separatrix contour
lcfs,167,2.125556135148294,0.8172276315789475,1.0,exported separatrix contour
lcfs,168,2.1099647887323947,0.8209853671069309,1.0,exported separatrix contour
lcfs,169,2.087359154929578,0.8252370641561508,1.0,exported separatrix contour
lcfs,170,2.064753521126761,0.8283406778441127,1.0,exported separatrix contour
lcfs,171,2.0421478873239436,0.8303678750792892,1.0,exported separatrix contour
lcfs,172,2.0195422535211267,0.8313661252860334,1.0,exported separatrix contour
lcfs,173,1.9969366197183098,0.831377264391272,1.0,exported separatrix contour
lcfs,174,1.974330985915493,0.8304127306312095,1.0,exported separatrix contour
lcfs,175,1.951725352112676,0.8284809926097741,1.0,exported separatrix contour
lcfs,176,1.9291197183098592,0.8255734571396632,1.0,exported separatrix contour
lcfs,177,1.9065140845070423,0.8216662660145887,1.0,exported separatrix contour
lcfs,178,1.886183992803985,0.8172276315789475,1.0,exported separatrix contour
lcfs,179,1.8839084507042254,0.8167725570225804,1.0,exported separatrix contour
lcfs,180,1.8613028169014085,0.8113442439706732,1.0,exported separatrix contour
lcfs,181,1.8386971830985916,0.8048678516646596,1.0,exported separatrix contour
lcfs,182,1.8160915492957748,0.7972658389748524,1.0,exported separatrix contour
lcfs,183,1.7961630932066996,0.789525,1.0,exported separatrix contour
lcfs,184,1.7934859154929579,0.788551078671281,1.0,exported separatrix contour
lcfs,185,1.770880281690141,0.779374513382156,1.0,exported separatrix contour
lcfs,186,1.7482746478873241,0.7688864773331595,1.0,exported separatrix contour
lcfs,187,1.7346417998210484,0.7618223684210526,1.0,exported separatrix contour
lcfs,188,1.7256690140845072,0.7573943001094597,1.0,exported separatrix contour
lcfs,189,1.7030633802816904,0.745089666125251,1.0,exported separatrix contour
lcfs,190,1.685025652492167,0.7341197368421055,1.0,exported separatrix contour
lcfs,191,1.6804577464788732,0.7314401942852403,1.0,exported separatrix contour
lcfs,192,1.6578521126760564,0.7170970558522634,1.0,exported separatrix contour
lcfs,193,1.642585555566414,0.706417105263158,1.0,exported separatrix contour
lcfs,194,1.6352464788732395,0.7014047859840911,1.0,exported separatrix contour
lcfs,195,1.6126408450704226,0.6847395500997562,1.0,exported separatrix contour
lcfs,196,1.6050278911082825,0.6787144736842106,1.0,exported separatrix contour
lcfs,197,1.5900352112676057,0.6669975536446452,1.0,exported separatrix contour
lcfs,198,1.5711273302903621,0.6510118421052631,1.0,exported separatrix contour
lcfs,199,1.5674295774647888,0.6478969479621834,1.0,exported separatrix contour
lcfs,200,1.544823943661972,0.6277873249809766,1.0,exported separatrix contour
lcfs,201,1.5400421784724085,0.6233092105263158,1.0,exported separatrix contour
lcfs,202,1.522218309859155,0.6065052703359891,1.0,exported separatrix contour
lcfs,203,1.5112414836393837,0.5956065789473686,1.0,exported separatrix contour
lcfs,204,1.499612676056338,0.5838837303738487,1.0,exported separatrix contour
lcfs,205,1.4844119510919827,0.5679039473684211,1.0,exported separatrix contour
lcfs,206,1.477007042253521,0.5599337392420877,1.0,exported separatrix contour
lcfs,207,1.4592534474359824,0.5402013157894736,1.0,exported separatrix contour
lcfs,208,1.4544014084507042,0.5346338213912707,1.0,exported separatrix contour
lcfs,209,1.4355361040406636,0.5124986842105264,1.0,exported separatrix contour
lcfs,210,1.4317957746478873,0.5079305785671168,1.0,exported separatrix contour
lcfs,211,1.4130875027003935,0.4847960526315791,1.0,exported separatrix contour
lcfs,212,1.4091901408450704,0.4797383090383754,1.0,exported separatrix contour
lcfs,213,1.3917832992458392,0.4570934210526316,1.0,exported separatrix contour
lcfs,214,1.3865845070422536,0.44993745343912595,1.0,exported separatrix contour
lcfs,215,1.3715411334733985,0.42939078947368414,1.0,exported separatrix contour
lcfs,216,1.3639788732394367,0.4183715090037452,1.0,exported separatrix contour
lcfs,217,1.3523177829412683,0.4016881578947369,1.0,exported separatrix contour
lcfs,218,1.3413732394366198,0.38484150263023936,1.0,exported separatrix contour
lcfs,219,1.334109986228368,0.37398552631578963,1.0,exported separatrix contour
lcfs,220,1.318767605633803,0.3490947900404645,1.0,exported separatrix contour
lcfs,221,1.3169608509466924,0.34628289473684215,1.0,exported separatrix contour
lcfs,222,1.3005006199936733,0.31858026315789467,1.0,exported separatrix contour
lcfs,223,1.296161971830986,0.310530782059225,1.0,exported separatrix contour
lcfs,224,1.2849291752418743,0.2908776315789474,1.0,exported separatrix contour
lcfs,225,1.2735563380281691,0.2686077447084202,1.0,exported separatrix contour
lcfs,226,1.2705725164909083,0.26317500000000016,1.0,exported separatrix contour
lcfs,227,1.2569267894048786,0.23547236842105268,1.0,exported separatrix contour
lcfs,228,1.2509507042253523,0.22160368830052135,1.0,exported separatrix contour
lcfs,229,1.2444058844468833,0.2077697368421052,1.0,exported separatrix contour
lcfs,230,1.2330689425202905,0.18006710526315794,1.0,exported separatrix contour
lcfs,231,1.2283450704225354,0.1664408508808146,1.0,exported separatrix contour
lcfs,232,1.222865737616788,0.1523644736842107,1.0,exported separatrix contour
lcfs,233,1.2139469583017661,0.12466184210526321,1.0,exported separatrix contour
lcfs,234,1.206912459580478,0.09695921052631573,1.0,exported separatrix contour
lcfs,235,1.2057394366197185,0.09079369273208923,1.0,exported separatrix contour
lcfs,236,1.2010000971563273,0.06925657894736847,1.0,exported separatrix contour
lcfs,237,1.196934266043335,0.04155394736842122,1.0,exported separatrix contour
lcfs,238,1.194870721828511,0.01385131578947374,1.0,exported separatrix contour
limiter,1,2.4000000000000004,0.0,,machine limiter
limiter,2,2.399590007062605,0.029692567660761844,,machine limiter
limiter,3,2.3983609071008893,0.059353339776354826,,machine limiter
limiter,4,2.3963153332221685,0.08895055484907624,,machine limiter
limiter,5,2.3934576624797956,0.1184525194396968,,machine limiter
limiter,6,2.389793998759857,0.14782764210558924,,machine limiter
limiter,7,2.38533214897177,0.17704446722963638,,machine limiter
limiter,8,2.380081592690446,0.20607170870369368,,machine limiter
limiter,9,2.3740534454376534,0.23487828343053757,,machine limiter
limiter,10,2.367260415828537,0.26343334460842455,,machine limiter
limiter,11,2.359716756845663,0.2917063147626191,,machine limiter
limiter,12,2.351438211537083,0.31966691848851936,,machine limiter
limiter,13,2.3424419534665026,0.34728521487131897,,machine limiter
limiter,14,2.332746522272509,0.37453162954748814,,machine limiter
limiter,15,2.322371754719618,0.40137698637374364,,machine limiter
limiter,16,2.311338711646597,0.42779253866959277,,machine limiter
limiter,17,2.2996696012368574,0.45374999999999993,,machine limiter
limiter,18,2.287387699051644,0.47922157446520885,,machine limiter
limiter,19,2.2745172652791457,0.5041799864652889,,machine limiter
limiter,20,2.2610834596615357,0.5285985099075304,,machine limiter
limiter,21,2.2471122545672593,0.5524509968254139,,machine limiter
limiter,22,2.2326303466776958,0.5757119053785082,,machine limiter
limiter,23,2.2176650677556835,0.5983563272033124,,machine limiter
limiter,24,2.202244294958389,0.6203600140857556,,machine limiter
limiter,25,2.1863963611488177,0.6416994039267918,,machine limiter
limiter,26,2.170149965648963,0.6623516459732858,,machine limiter
limiter,27,2.153534085863467,0.682294625287172,,machine limiter
limiter,28,2.1365778901858343,0.7015069864266837,,machine limiter
limiter,29,2.119310652579978,0.7199681563142959,,machine limiter
limiter,30,2.101761669208415,0.7376583662668907,,machine limiter
limiter,31,2.0839601774550016,0.7545586731645597,,machine limiter
limiter,32,2.0659352776650017,0.7706509797353703,,machine limiter
limiter,33,2.0477158578987735,0.785918053934378,,machine limiter
limiter,34,2.0293305219676863,0.8003435473961321,,machine limiter
limiter,35,2.010807520992364,0.8139120129409145,,machine limiter
limiter,36,1.9921746886942449,0.826608921115967,,machine limiter
limiter,37,1.9734593806019591,0.8384206757539927,,machine limiter
limiter,38,1.9546884173245387,0.849334628532273,,machine limiter
limiter,39,1.935888032014069,0.8593390925168083,,machine limiter
limiter,40,1.9170838221114632,0.8684233546769795,,machine limiter
limiter,41,1.8983007054406587,0.8765776873573293,,machine limiter
limiter,42,1.8795628806890268,0.8837933586941803,,machine limiter
limiter,43,1.860893792285228,0.8900626419659315,,machine limiter
limiter,44,1.842316099660375,0.8953788238670276,,machine limiter
limiter,45,1.8238516508542786,0.8997362116967329,,machine limiter
limiter,46,1.8055214604059098,0.9031301394550186,,machine limiter
limiter,47,1.7873456914460681,0.9055569728390326,,machine limiter
limiter,48,1.7693436418907416,0.9070141131348018,,machine limiter
limiter,49,1.7515337346157969,0.9075,,machine limiter
limiter,50,1.7339335114775054,0.9070141131348018,,machine limiter
limiter,51,1.716559631029029,0.9055569728390326,,machine limiter
limiter,52,1.6994278697703504,0.9031301394550186,,machine limiter
limiter,53,1.682553126758229,0.899736211696733,,machine limiter
limiter,54,1.6659494313935856,0.8953788238670277,,machine limiter
limiter,55,1.6496299541962038,0.8900626419659317,,machine limiter
limiter,56,1.6336070203707553,0.8837933586941803,,machine limiter
limiter,57,1.617892125963835,0.8765776873573294,,machine limiter
limiter,58,1.6024959564088475,0.8684233546769796,,machine limiter
limiter,59,1.5874284072541816,0.8593390925168084,,machine limiter
limiter,60,1.5726986068699755,0.8493346285322732,,machine limiter
limiter,61,1.5583149409299248,0.8384206757539928,,machine limiter
limiter,62,1.5442850784668054,0.8266089211159671,,machine limiter
limiter,63,1.5306159993036843,0.8139120129409146,,machine limiter
limiter,64,1.5173140226669695,0.8003435473961323,,machine limiter
limiter,65,1.5043848367924892,0.7859180539343781,,machine limiter
limiter,66,1.4918335293415237,0.7706509797353703,,machine limiter
limiter,67,1.479664618450067,0.7545586731645599,,machine limiter
limiter,68,1.467882084241491,0.7376583662668909,,machine limiter
limiter,69,1.456489400640072,0.7199681563142961,,machine limiter
limiter,70,1.4454895673304797,0.7015069864266839,,machine limiter
limiter,71,1.4348851417162254,0.6822946252871722,,machine limiter
limiter,72,1.424678270738085,0.662351645973286,,machine limiter
limiter,73,1.4148707224216759,0.6416994039267919,,machine limiter
limiter,74,1.4054639170314969,0.6203600140857559,,machine limiter
limiter,75,1.3964589577168551,0.5983563272033126,,machine limiter
limiter,76,1.387856660543094,0.5757119053785086,,machine limiter
limiter,77,1.3796575838093759,0.5524509968254142,,machine limiter
limiter,78,1.3718620565619077,0.5285985099075304,,machine limiter
limiter,79,1.3644702062188776,0.5041799864652893,,machine limiter
limiter,80,1.357481985230484,0.479221574465209,,machine limiter
limiter,81,1.3508971967042371,0.45375000000000026,,machine limiter
limiter,82,1.3447155189321771,0.42779253866959305,,machine limiter
limiter,83,1.338936528762788,0.401376986373744,,machine limiter
limiter,84,1.3335597237661379,0.3745316295474885,,machine limiter
limiter,85,1.328584543146195,0.3472852148713191,,machine limiter
limiter,86,1.3240103873592899,0.31966691848851975,,machine limiter
limiter,87,1.3198366364023826,0.29170631476261927,,machine limiter
limiter,88,1.3160626667391027,0.26343334460842494,,machine limiter
limiter,89,1.3126878668355133,0.23487828343053782,,machine limiter
limiter,90,1.3097116512811957,0.20607170870369415,,machine limiter
limiter,91,1.3071334734745788,0.1770444672296367,,machine limiter
limiter,92,1.3049528368544994,0.14782764210558944,,machine limiter
limiter,93,1.3031693046627382,0.11845251943969717,,machine limiter
limiter,94,1.3017825082248322,0.08895055484907645,,machine limiter
limiter,95,1.3007921537387754,0.05935333977635528,,machine limiter
limiter,96,1.3001980275633738,0.029692567660762125,,machine limiter
limiter,97,1.3,1.111366970226223e-16,,machine limiter
limiter,98,1.3001980275633738,-0.029692567660761504,,machine limiter
limiter,99,1.3007921537387754,-0.05935333977635465,,machine limiter
limiter,100,1.3017825082248322,-0.08895055484907582,,machine limiter
limiter,101,1.3031693046627382,-0.11845251943969658,,machine limiter
limiter,102,1.3049528368544994,-0.1478276421055888,,machine limiter
limiter,103,1.3071334734745788,-0.17704446722963607,,machine limiter
limiter,104,1.3097116512811955,-0.2060717087036935,,machine limiter
limiter,105,1.312687866835513,-0.2348782834305372,,machine limiter
limiter,106,1.3160626667391027,-0.2634333446084244,,machine limiter
limiter,107,1.3198366364023826,-0.29170631476261866,,machine limiter
limiter,108,1.3240103873592899,-0.31966691848851914,,machine limiter
limiter,109,1.328584543146195,-0.34728521487131847,,machine limiter
limiter,110,1.3335597237661379,-0.3745316295474879,,machine limiter
limiter,111,1.3389365287627877,-0.40137698637374347,,machine limiter
limiter,112,1.344715518932177,-0.4277925386695925,,machine limiter
limiter,113,1.3508971967042367,-0.45374999999999976,,machine limiter
limiter,114,1.3574819852304838,-0.4792215744652085,,machine limiter
limiter,115,1.3644702062188774,-0.5041799864652887,,machine limiter
limiter,116,1.3718620565619077,-0.52859850990753,,machine limiter
limiter,117,1.3796575838093759,-0.5524509968254137,,machine limiter
limiter,118,1.3878566605430938,-0.575711905378508,,machine limiter
limiter,119,1.396458957716855,-0.5983563272033121,,machine limiter
limiter,120,1.4054639170314966,-0.6203600140857555,,machine limiter
limiter,121,1.4148707224216757,-0.6416994039267915,,machine limiter
limiter,122,1.424678270738085,-0.6623516459732856,,machine limiter
limiter,123,1.4348851417162254,-0.6822946252871719,,machine limiter
limiter,124,1.4454895673304795,-0.7015069864266835,,machine limiter
limiter,125,1.4564894006400717,-0.7199681563142957,,machine limiter
limiter,126,1.467882084241491,-0.7376583662668907,,machine limiter
limiter,127,1.4796646184500666,-0.7545586731645594,,machine limiter
limiter,128,1.4918335293415232,-0.77065097973537,,machine limiter
limiter,129,1.504384836792489,-0.7859180539343777,,machine limiter
limiter,130,1.517314022666969,-0.8003435473961321,,machine limiter
limiter,131,1.530615999303684,-0.8139120129409145,,machine limiter
limiter,132,1.5442850784668052,-0.8266089211159667,,machine limiter
limiter,133,1.5583149409299242,-0.8384206757539925,,machine limiter
limiter,134,1.5726986068699753,-0.8493346285322729,,machine limiter
limiter,135,1.5874284072541816,-0.8593390925168083,,machine limiter
limiter,136,1.6024959564088475,-0.8684233546769795,,machine limiter
limiter,137,1.6178921259638346,-0.8765776873573292,,machine limiter
limiter,138,1.633607020370755,-0.8837933586941802,,machine limiter
limiter,139,1.6496299541962032,-0.8900626419659314,,machine limiter
limiter,140,1.6659494313935854,-0.8953788238670276,,machine limiter
limiter,141,1.6825531267582285,-0.8997362116967328,,machine limiter
limiter,142,1.69942786977035,-0.9031301394550186,,machine limiter
limiter,143,1.716559631029029,-0.9055569728390326,,machine limiter
limiter,144,1.7339335114775054,-0.9070141131348018,,machine limiter
limiter,145,1.7515337346157969,-0.9075,,machine limiter
limiter,146,1.7693436418907407,-0.9070141131348018,,machine limiter
limiter,147,1.7873456914460677,-0.9055569728390327,,machine limiter
limiter,148,1.8055214604059096,-0.9031301394550186,,machine limiter
limiter,149,1.8238516508542781,-0.899736211696733,,machine limiter
limiter,150,1.8423160996603747,-0.8953788238670276,,machine limiter
limiter,151,1.8608937922852273,-0.8900626419659318,,machine limiter
limiter,152,1.879562880689026,-0.8837933586941804,,machine limiter
limiter,153,1.8983007054406584,-0.8765776873573295,,machine limiter
limiter,154,1.917083822111463,-0.8684233546769796,,machine limiter
limiter,155,1.9358880320140692,-0.8593390925168084,,machine limiter
limiter,156,1.954688417324538,-0.8493346285322733,,machine limiter
limiter,157,1.9734593806019587,-0.8384206757539929,,machine limiter
limiter,158,1.9921746886942446,-0.8266089211159672,,machine limiter
limiter,159,2.0108075209923637,-0.8139120129409148,,machine limiter
limiter,160,2.0293305219676854,-0.8003435473961326,,machine limiter
limiter,161,2.047715857898773,-0.7859180539343784,,machine limiter
limiter,162,2.0659352776650013,-0.7706509797353707,,machine limiter
limiter,163,2.0839601774550007,-0.7545586731645599,,machine limiter
limiter,164,2.101761669208415,-0.737658366266891,,machine limiter
limiter,165,2.119310652579977,-0.7199681563142964,,machine limiter
limiter,166,2.136577890185834,-0.7015069864266842,,machine limiter
limiter,167,2.153534085863467,-0.6822946252871723,,machine limiter
limiter,168,2.170149965648963,-0.6623516459732861,,machine limiter
limiter,169,2.1863963611488177,-0.641699403926792,,machine limiter
limiter,170,2.2022442949583882,-0.6203600140857564,,machine limiter
limiter,171,2.217665067755683,-0.598356327203313,,machine limiter
limiter,172,2.2326303466776958,-0.5757119053785087,,machine limiter
limiter,173,2.2471122545672593,-0.5524509968254142,,machine limiter
limiter,174,2.2610834596615357,-0.5285985099075305,,machine limiter
limiter,175,2.274517265279145,-0.5041799864652897,,machine limiter
limiter,176,2.2873876990516435,-0.4792215744652095,,machine limiter
limiter,177,2.2996696012368574,-0.4537500000000004,,machine limiter
limiter,178,2.311338711646597,-0.42779253866959316,,machine limiter
limiter,179,2.322371754719618,-0.4013769863737445,,machine limiter
limiter,180,2.3327465222725086,-0.3745316295474889,,machine limiter
limiter,181,2.342441953466502,-0.3472852148713195,,machine limiter
limiter,182,2.351438211537083,-0.31966691848851986,,machine limiter
limiter,183,2.359716756845663,-0.2917063147626194,,machine limiter
limiter,184,2.3672604158285364,-0.2634333446084255,,machine limiter
limiter,185,2.3740534454376534,-0.23487828343053832,,machine limiter
limiter,186,2.380081592690446,-0.20607170870369426,,machine limiter
limiter,187,2.38533214897177,-0.17704446722963682,,machine limiter
limiter,188,2.389793998759857,-0.14782764210558952,,machine limiter
limiter,189,2.3934576624797956,-0.1184525194396977,,machine limiter
limiter,190,2.3963153332221685,-0.08895055484907696,,machine limiter
limiter,191,2.3983609071008893,-0.05935333977635538,,machine limiter
limiter,192,2.399590007062605,-0.02969256766076224,,machine limiter
wall,1,2.4800000000000004,0.0,,machine wall
wall,2,2.479530371726257,0.034011486593236294,,machine wall
wall,3,2.4781224935882915,0.06798655283473372,,machine wall
wall,4,2.4757793816908475,0.10188881737257825,,machine wall
wall,5,2.472506049749584,0.13568197681274363,,machine wall
wall,6,2.468309489488564,0.16932984459367498,,machine wall
wall,7,2.463198643367664,0.20279638973576533,,machine wall
wall,8,2.4571843698090565,0.23604577542423097,,machine wall
wall,9,2.450279401137676,0.2690423973840703,,machine wall
wall,10,2.4424982944945057,0.3017509220060136,,machine wall
wall,11,2.433857376023214,0.33413632418263645,,machine wall
wall,12,2.4243746786697495,0.36616392481412224,,machine wall
wall,13,2.414069873970721,0.39779942794351086,,machine wall
wall,14,2.4029641982394194,0.4290089574816683,,machine wall
wall,15,2.3910803735879265,0.4597590934826518,,machine wall
wall,16,2.378442524249738,0.4900169079306245,,machine wall
wall,17,2.365076088689491,0.5197499999999999,,machine wall
wall,18,2.3510077280046104,0.5489265307510575,,machine wall
wall,19,2.3362652311379306,0.5775152572238765,,machine wall
wall,20,2.3208774174304865,0.6054855658940804,,machine wall
wall,21,2.30487403704977,0.6328075054545651,,machine wall
wall,22,2.2882856698308154,0.6594518188881096,,machine wall
wall,23,2.271143623065601,0.6853899747965216,,machine wall
wall,24,2.2534798287705184,0.7105941979527747,,machine wall
wall,25,2.2353267409522823,0.7350374990434162,,machine wall
wall,26,2.2167172333797214,0.7586937035694001,,machine wall
wall,27,2.197684498352699,0.781537479874397,,machine wall
wall,28,2.1782619469401374,0.803544366270565,,machine wall
wall,29,2.1584831111370657,0.8246907972327391,,machine wall
wall,30,2.138381548366003,0.844954128632984,,machine wall
wall,31,2.1179907487211835,0.8643126619884958,,machine wall
wall,32,2.0973440453253653,0.8827456676968788,,machine wall
wall,33,2.0764745281385952,0.900233407233924,,machine wall
wall,34,2.055414961526622,0.9167571542901151,,machine wall
wall,35,2.034197705863981,0.9322992148232295,,machine wall
wall,36,2.012854643413408,0.9468429460055622,,machine wall
wall,37,1.991417108689517,0.9603727740454826,,machine wall
wall,38,1.9699158234808352,0.9728742108642401,,machine wall
wall,39,1.948380836670661,0.9843338696101623,,machine wall
wall,40,1.9268414689640398,0.9947394789936311,,machine wall
wall,41,1.9053262625956635,1.0040798964274864,,machine wall
wall,42,1.883862936061976,1.0123451199587885,,machine wall
wall,43,1.862478343890352,1.019526298979158,,machine wall
wall,44,1.8411984414291567,1.0256157437022317,,machine wall
wall,45,1.8200482546149008,1.030606933398076,,machine wall
wall,46,1.7990518546467693,1.0344945233757488,,machine wall
wall,47,1.778232337474587,1.0372743507065285,,machine wall
wall,48,1.7576118079839402,1.0389434386816823,,machine wall
wall,49,1.737211368741731,1.0395,,machine wall
wall,50,1.7170511131469606,1.0389434386816823,,machine wall
wall,51,1.6971501228150696,1.0372743507065285,,machine wall
wall,52,1.677526469009674,1.0344945233757488,,machine wall
wall,53,1.6581972179230624,1.030606933398076,,machine wall
wall,54,1.639178439596289,1.025615743702232,,machine wall
wall,55,1.6204852202611062,1.0195262989791583,,machine wall
wall,56,1.602131677879229,1.0123451199587885,,machine wall
wall,57,1.5841309806494837,1.0040798964274866,,machine wall
wall,58,1.5664953682501346,0.9947394789936312,,machine wall
wall,59,1.5492361755820625,0.9843338696101624,,machine wall
wall,60,1.5323638587783357,0.9728742108642402,,machine wall
wall,61,1.5158880232470047,0.9603727740454827,,machine wall
wall,62,1.4998174535165227,0.9468429460055624,,machine wall
wall,63,1.4841601446569475,0.9322992148232296,,machine wall
wall,64,1.4689233350548923,0.9167571542901154,,machine wall
wall,65,1.4541135403259422,0.9002334072339241,,machine wall
wall,66,1.439736588154836,0.8827456676968788,,machine wall
wall,67,1.4257976538609858,0.864312661988496,,machine wall
wall,68,1.412301296494799,0.8449541286329841,,machine wall
wall,69,1.3992514952786277,0.8246907972327393,,machine wall
wall,70,1.386651686214913,0.8035443662705652,,machine wall
wall,71,1.374504798693131,0.7815374798743974,,machine wall
wall,72,1.362813291936352,0.7586937035694004,,machine wall
wall,73,1.3515791911375559,0.7350374990434163,,machine wall
wall,74,1.340804123145169,0.7105941979527751,,machine wall
wall,75,1.3304893515665794,0.6853899747965218,,machine wall
wall,76,1.320635811167544,0.6594518188881099,,machine wall
wall,77,1.311244141454376,0.6328075054545654,,machine wall
wall,78,1.3023147193345488,0.6054855658940804,,machine wall
wall,79,1.2938476907598053,0.5775152572238769,,machine wall
wall,80,1.2858430012640087,0.5489265307510577,,machine wall
wall,81,1.2783004253157624,0.5197500000000004,,machine wall
wall,82,1.2712195944132207,0.4900169079306248,,machine wall
wall,83,1.264600023855557,0.4597590934826523,,machine wall
wall,84,1.2584411381321217,0.4290089574816686,,machine wall
wall,85,1.2527422948765505,0.397799427943511,,machine wall
wall,86,1.2475028073388228,0.36616392481412263,,machine wall
wall,87,1.2427219653336383,0.33413632418263667,,machine wall
wall,88,1.2383990546284265,0.30175092200601406,,machine wall
wall,89,1.2345333747388607,0.2690423973840706,,machine wall
wall,90,1.2311242551039148,0.2360457754242315,,machine wall
wall,91,1.2281710696163355,0.20279638973576572,,machine wall
wall,92,1.225673249487881,0.16932984459367517,,machine wall
wall,93,1.2236302944318638,0.13568197681274405,,machine wall
wall,94,1.222041782148444,0.10188881737257849,,machine wall
wall,95,1.220907376100779,0.06798655283473423,,machine wall
wall,96,1.220226831572592,0.03401148659323662,,machine wall
wall,97,1.22,1.2730203477136737e-16,,machine wall
wall,98,1.220226831572592,-0.034011486593235905,,machine wall
wall,99,1.220907376100779,-0.06798655283473351,,machine wall
wall,100,1.222041782148444,-0.10188881737257778,,machine wall
wall,101,1.2236302944318638,-0.13568197681274335,,machine wall
wall,102,1.225673249487881,-0.16932984459367445,,machine wall
wall,103,1.2281710696163355,-0.202796389735765,,machine wall
wall,104,1.2311242551039148,-0.23604577542423077,,machine wall
wall,105,1.2345333747388605,-0.26904239738406993,,machine wall
wall,106,1.2383990546284265,-0.3017509220060134,,machine wall
wall,107,1.242721965333638,-0.334136324182636,,machine wall
wall,108,1.2475028073388228,-0.36616392481412197,,machine wall
wall,109,1.2527422948765503,-0.3977994279435103,,machine wall
wall,110,1.2584411381321212,-0.429008957481668,,machine wall
wall,111,1.2646000238555568,-0.45975909348265165,,machine wall
wall,112,1.2712195944132207,-0.4900169079306242,,machine wall
wall,113,1.2783004253157622,-0.5197499999999998,,machine wall
wall,114,1.2858430012640087,-0.5489265307510571,,machine wall
wall,115,1.2938476907598049,-0.5775152572238763,,machine wall
wall,116,1.3023147193345488,-0.6054855658940798,,machine wall
wall,117,1.3112441414543758,-0.6328075054545649,,machine wall
wall,118,1.3206358111675438,-0.6594518188881093,,machine wall
wall,119,1.3304893515665792,-0.6853899747965213,,machine wall
wall,120,1.340804123145169,-0.7105941979527745,,machine wall
wall,121,1.3515791911375556,-0.7350374990434158,,machine wall
wall,122,1.3628132919363518,-0.7586937035693999,,machine wall
wall,123,1.374504798693131,-0.7815374798743969,,machine wall
wall,124,1.3866516862149127,-0.8035443662705648,,machine wall
wall,125,1.3992514952786275,-0.8246907972327387,,machine wall
wall,126,1.4123012964947987,-0.844954128632984,,machine wall
wall,127,1.4257976538609853,-0.8643126619884954,,machine wall
wall,128,1.4397365881548359,-0.8827456676968785,,machine wall
wall,129,1.454113540325942,-0.9002334072339238,,machine wall
wall,130,1.4689233350548916,-0.9167571542901151,,machine wall
wall,131,1.484160144656947,-0.9322992148232295,,machine wall
wall,132,1.4998174535165223,-0.946842946005562,,machine wall
wall,133,1.515888023247004,-0.9603727740454824,,machine wall
wall,134,1.5323638587783353,-0.97287421086424,,machine wall
wall,135,1.5492361755820623,-0.9843338696101623,,machine wall
wall,136,1.5664953682501344,-0.9947394789936311,,machine wall
wall,137,1.5841309806494834,-1.0040798964274864,,machine wall
wall,138,1.6021316778792283,-1.0123451199587883,,machine wall
wall,139,1.6204852202611055,-1.019526298979158,,machine wall
wall,140,1.6391784395962887,-1.0256157437022317,,machine wall
wall,141,1.6581972179230617,-1.0306069333980759,,machine wall
wall,142,1.6775264690096736,-1.0344945233757488,,machine wall
wall,143,1.6971501228150694,-1.0372743507065285,,machine wall
wall,144,1.7170511131469606,-1.0389434386816823,,machine wall
wall,145,1.737211368741731,-1.0395,,machine wall
wall,146,1.7576118079839393,-1.0389434386816823,,machine wall
wall,147,1.7782323374745868,-1.0372743507065285,,machine wall
wall,148,1.799051854646769,-1.0344945233757488,,machine wall
wall,149,1.8200482546149004,-1.030606933398076,,machine wall
wall,150,1.8411984414291565,-1.0256157437022317,,machine wall
wall,151,1.8624783438903512,-1.0195262989791583,,machine wall
wall,152,1.8838629360619754,-1.0123451199587887,,machine wall
wall,153,1.9053262625956633,-1.0040798964274866,,machine wall
wall,154,1.9268414689640394,-0.9947394789936312,,machine wall
wall,155,1.9483808366706612,-0.9843338696101624,,machine wall
wall,156,1.9699158234808345,-0.9728742108642404,,machine wall
wall,157,1.9914171086895163,-0.9603727740454828,,machine wall
wall,158,2.0128546434134074,-0.9468429460055625,,machine wall
wall,159,2.0341977058639804,-0.9322992148232297,,machine wall
wall,160,2.0554149615266213,-0.9167571542901156,,machine wall
wall,161,2.076474528138595,-0.9002334072339244,,machine wall
wall,162,2.097344045325365,-0.8827456676968792,,machine wall
wall,163,2.1179907487211826,-0.8643126619884961,,machine wall
wall,164,2.138381548366003,-0.8449541286329842,,machine wall
wall,165,2.158483111137065,-0.8246907972327396,,machine wall
wall,166,2.178261946940137,-0.8035443662705657,,machine wall
wall,167,2.1976844983526984,-0.7815374798743975,,machine wall
wall,168,2.216717233379721,-0.7586937035694005,,machine wall
wall,169,2.235326740952282,-0.7350374990434164,,machine wall
wall,170,2.2534798287705176,-0.7105941979527756,,machine wall
wall,171,2.2711436230656004,-0.6853899747965222,,machine wall
wall,172,2.2882856698308154,-0.65945181888811,,machine wall
wall,173,2.3048740370497693,-0.6328075054545654,,machine wall
wall,174,2.320877417430486,-0.6054855658940805,,machine wall
wall,175,2.33626523113793,-0.5775152572238773,,machine wall
wall,176,2.35100772800461,-0.5489265307510582,,machine wall
wall,177,2.365076088689491,-0.5197500000000005,,machine wall
wall,178,2.378442524249738,-0.4900169079306249,,machine wall
wall,179,2.3910803735879256,-0.45975909348265287,,machine wall
wall,180,2.402964198239419,-0.4290089574816692,,machine wall
wall,181,2.4140698739707207,-0.3977994279435115,,machine wall
wall,182,2.4243746786697495,-0.36616392481412274,,machine wall
wall,183,2.433857376023214,-0.3341363241826368,,machine wall
wall,184,2.4424982944945057,-0.30175092200601467,,machine wall
wall,185,2.4502794011376756,-0.2690423973840712,,machine wall
wall,186,2.4571843698090565,-0.23604577542423164,,machine wall
wall,187,2.463198643367664,-0.20279638973576583,,machine wall
wall,188,2.468309489488564,-0.16932984459367528,,machine wall
wall,189,2.472506049749584,-0.13568197681274466,,machine wall
wall,190,2.4757793816908475,-0.10188881737257909,,machine wall
wall,191,2.4781224935882915,-0.06798655283473436,,machine wall
wall,192,2.479530371726257,-0.03401148659323675,,machine wall
